source_id,n_results,mean_result,lci_result,uci_result,pws_type,primary_source,population_served_count,city_name,gw_or_sw_code,is_school_or_daycare,town
MA1004000,1,0.00114962516936711,0.00114962516936711,0.00114962516936711,Community water system,Ground water,8100,ADAMS,GW,N,ADAMS
MA1005000,11,0.00102832391790414,0.000275,0.00125335931252751,Community water system,Surface water purchased,28613,AGAWAM,SW,N,AGAWAM
MA1008000,37,0.000961674393519088,0.00015,0.00130353555006283,Community water system,Surface water,37819,AMHERST,SW,N,AMHERST
MA1013000,8,0.00120149224094731,0.00114962516936711,0.00125335931252751,Community water system,Ground water,400,ASHFIELD,GW,N,ASHFIELD
MA1015000,3,0.000783083446244737,0.000159962516936711,0.00114962516936711,Community water system,Ground water,10199,ATHOL,GW,N,ATHOL
MA1024000,4,0.000699812584683553,0.00025,0.00114962516936711,Community water system,Ground water,3399,BELCHERTOWN,GW,N,BELCHERTOWN
MA1024001,4,0.0003625,0.0001,0.0008875,Community water system,Ground water,107,BELCHERTOWN,GW,N,BELCHERTOWN
MA1024002,4,0.000462406292341776,0.0002075,0.00101468139396204,Community water system,Ground water,600,BELCHERTOWN,GW,N,BELCHERTOWN
MA1024009,3,0.000498708458722892,0.00005,0.000946512838551808,Community water system,Ground water,25,BRIMFIELD,GW,N,BRIMFIELD
MA1024015,3,0.000665375125389559,0.0005,0.000946512838551808,Community water system,Ground water,30,AUBURNDALE,GW,N,AUBURNDALE
MA1029000,8,0.00106403909477642,0.000434868809278487,0.00125335931252751,Community water system,Ground water,1475,BERNARDSTON,GW,N,BERNARDSTON
MA1033000,6,0.00121878126480738,0.00114962516936711,0.00125335931252751,Community water system,Surface water,874,BLANDFORD,SW,N,BLANDFORD
MA1043001,6,0.000817661493964873,0.00005,0.00125335931252751,Community water system,Ground water,137,NASHUA,GW,N,NASHUA
MA1043002,6,0.000525589258343805,0.00025,0.00112765166254712,Community water system,Ground water,60,BRIMFIELD,GW,N,BRIMFIELD
MA1053030,3,0.000800994827298207,0.000114962516936711,0.00124298589821147,Community water system,Ground water,36,CHARLEMONT,GW,N,CHARLEMONT
MA1053033,4,0.00120149224094731,0.00114962516936711,0.00125335931252751,Community water system,Ground water,30,FITCHBURG,GW,N,FITCHBURG
MA1058000,3,0.00118420321708724,0.00114962516936711,0.00124298589821147,Community water system,Surface water,1407,CHESHIRE,SW,N,CHESHIRE
MA1058001,3,0.000817661493964873,0.000159962516936711,0.00124298589821147,Community water system,Ground water,400,GRAFTON,GW,N,GRAFTON
MA1058002,3,0.000800994827298207,0.000114962516936711,0.00124298589821147,Community water system,Ground water,180,PITTSFORD,GW,N,PITTSFORD
MA1059000,5,0.000991940621389929,0.000269925033873421,0.00125335931252751,Community water system,Surface water,750,CHESTER,SW,N,CHESTER
MA1061000,108,0.000421574074074074,0.0001,0.0005,Community water system,Surface water purchased,55126,CHICOPEE,SW,N,CHICOPEE
MA1063003,3,0.000817661493964873,0.000159962516936711,0.00124298589821147,Community water system,Ground water,180,CLARKSBURG,GW,N,CLARKSBURG
MA1066000,2,0.000699812584683553,0.000294981258468355,0.00110464391089875,Community water system,Ground water,100,COLRAIN,GW,N,COLRAIN
MA1066001,5,0.000550671862505503,0.00025,0.00110268745002201,Community water system,Ground water,125,COLRAIN,GW,N,COLRAIN
MA1066007,2,0.00120149224094731,0.00115481187652513,0.00124817260536949,Community water system,Ground water,28,COLRAIN,GW,N,COLRAIN
MA1069001,4,0.00117555870515721,0.00114962516936711,0.00123779919105345,Community water system,Ground water,281,CUMMINGTON,GW,N,CUMMINGTON
MA1069002,2,0.00120149224094731,0.00115481187652513,0.00124817260536949,Community water system,Ground water,98,CUMMINGTON,GW,N,CUMMINGTON
MA1070000,4,0.000750839828131879,0.0001175,0.00124535541564839,Community water system,Surface water purchased,6413,DALTON,SW,N,DALTON
MA1074000,10,0.000479217128722715,0.0003625,0.000514057095742382,Community water system,Ground water,1300,DEERFIELD,GW,N,DEERFIELD
MA1074001,5,0.00110268745002201,0.000650671862505503,0.00125335931252751,Community water system,Surface water,3800,SOUTH DEERFIELD,SW,N,SOUTH DEERFIELD
MA1074005,10,0.0018758578615051,0.00114962516936711,0.00471,Community water system,Ground water,350,DEERFIELD,GW,Y,DEERFIELD
MA1085000,11,0.00102832391790414,0.000275,0.00125335931252751,Community water system,Surface water purchased,16053,EAST LONGMEADOW,SW,N,EAST LONGMEADOW
MA1087000,54,0.00386666666666667,0.0004,0.00721499999999998,Community water system,Ground water,16439,EASTHAMPTON,GW,N,EASTHAMPTON
MA1090000,6,0.000792039136771472,0.0000125,0.00122742577673741,Community water system,Surface water,1000,SOUTH EGREMONT,SW,N,SOUTH EGREMONT
MA1091000,4,0.000900652412815431,0.000214943775405066,0.00123779919105345,Community water system,Ground water,561,ERVING,GW,N,ERVING
MA1106002,6,0.00111051040324619,0.000662406292341776,0.00125335931252751,Community water system,Ground water,750,MOUNT HERMON,GW,Y,MOUNT HERMON
MA1108009,2,0.00120149224094731,0.00115481187652513,0.00124817260536949,Community water system,Ground water,25,GOSHEN,GW,N,GOSHEN
MA1111000,6,0.000583270861561184,0.0001,0.00133740629234178,Community water system,Ground water,101,GRANBY,GW,N,GRANBY
MA1111001,4,0.000699812584683553,0.00025,0.00114962516936711,Community water system,Ground water,305,GRANBY,GW,Y,GRANBY
MA1111002,3,0.00178117851668761,0.00134718199505655,0.002244,Community water system,Ground water,61,GRANBY,GW,N,GRANBY
MA1111003,5,0.000629925033873421,0.0005,0.00101970013549368,Community water system,Ground water,152,GRANBY,GW,N,GRANBY
MA1111025,2,0.00130353555006283,0.00130353555006283,0.00130353555006283,Community water system,Ground water,78,CHICOPEE,GW,N,CHICOPEE
MA1111039,2,0.0011,0.00074,0.00146,Community water system,Ground water,30,GRANBY,GW,N,GRANBY
MA1112000,3,0.00055117851668761,0.000115,0.00119818199505655,Community water system,Ground water,75,BEDFORD,GW,N,BEDFORD
MA1113000,4,0.00120149224094731,0.00114962516936711,0.00125335931252751,Community water system,Ground water,4100,GREAT BARRINGTON,GW,N,GREAT BARRINGTON
MA1113003,3,0.00121878126480738,0.00115999858368315,0.00125335931252751,Community water system,Surface water,1391,GREAT BARRINGTON,SW,N,GREAT BARRINGTON
MA1113017,3,0.000817661493964873,0.000159962516936711,0.00124298589821147,Community water system,Ground water,500,GREAT BARRINGTON,GW,Y,GREAT BARRINGTON
MA1114000,10,0.00107078289537852,0.000544831326215197,0.00125335931252751,Community water system,Surface water,17645,GREENFIELD,SW,N,GREENFIELD
MA1117002,7,0.00119408265929299,0.00114962516936711,0.00125335931252751,Community water system,Ground water,5173,HADLEY,GW,N,HADLEY
MA1120001,11,0.00132869746097626,0.00005,0.00302667965626376,Community water system,Ground water,100,HAMPDEN,GW,N,HAMPDEN
MA1120002,4,0.001525,0.000415,0.0026,Community water system,Ground water,60,HAMPDEN,GW,N,HAMPDEN
MA1120015,4,0.000699906292341776,0.0002875,0.00111218139396204,Community water system,Ground water,25,HAMPDEN,GW,N,HAMPDEN
MA1120023,3,0.000433333333333333,0.0004,0.00049,Community water system,Ground water,100,HAMPDEN,GW,N,HAMPDEN
MA1121004,6,0.000800994827298207,0,0.00125335931252751,Community water system,Ground water,1000,HANCOCK,GW,N,HANCOCK
MA1121011,1,0.00114962516936711,0.00114962516936711,0.00114962516936711,Community water system,Ground water,160,HANCOCK,GW,N,HANCOCK
MA1124000,5,0.00039,0.00027,0.0005,Community water system,Ground water,80,GILBERTVILLE,GW,N,GILBERTVILLE
MA1124001,6,0.0005,0.0005,0.0005,Community water system,Ground water,1000,GILBERTVILLE,GW,N,GILBERTVILLE
MA1124002,8,0.0004,0.00025,0.0005,Community water system,Ground water,300,GILBERTVILLE,GW,N,GILBERTVILLE
MA1124003,5,0.000589932185246301,0.0002,0.001242053515284,Community water system,Ground water,300,HARDWICK,GW,Y,HARDWICK
MA1127000,27,0.00100491960373485,0.00005,0.00125335931252751,Community water system,Surface water,3307,HATFIELD,SW,N,HATFIELD
MA1132000,4,0.00122742577673741,0.00116518529084117,0.00125335931252751,Community water system,Surface water,1800,HINSDALE,SW,N,HINSDALE
MA1132002,6,0.000601119770842505,0.00005,0.00125335931252751,Community water system,Ground water,150,HOCKESSIN,GW,N,HOCKESSIN
MA1132008,6,0.000601119770842505,0.00005,0.00125335931252751,Community water system,Ground water,66,HINSDALE,GW,N,HINSDALE
MA1132009,4,0.000976585948605533,0.000384943775405066,0.00125335931252751,Community water system,Ground water,74,HINSDALE,GW,N,HINSDALE
MA1137000,10,0.000591007793758254,0.00005,0.00125335931252751,Community water system,Surface water,40124,HOLYOKE,SW,N,HOLYOKE
MA1143000,4,0.00120149224094731,0.00114962516936711,0.00125335931252751,Community water system,Ground water,1200,HUNTINGTON,GW,N,HUNTINGTON
MA1148000,6,0.00076641677957807,0,0.00114962516936711,Community water system,Surface water purchased,2324,LANESBOROUGH,SW,N,LANESBOROUGH
MA1148001,2,0.00120149224094731,0.00115481187652513,0.00124817260536949,Community water system,Ground water purchased,34,BERKSHIRE,GW,N,BERKSHIRE
MA1148008,1,0.00114962516936711,0.00114962516936711,0.00114962516936711,Community water system,Ground water,25,LANESBOROUGH,GW,N,LANESBOROUGH
MA1150000,6,0.000992599022192724,0.000287406292341776,0.00125335931252751,Community water system,Surface water,5051,LEE,SW,N,LEE
MA1150003,2,0.00120149224094731,0.00115481187652513,0.00124817260536949,Community water system,Ground water,43,LEE,GW,N,LEE
MA1152000,4,0.000926585948605533,0.000214943775405066,0.00125335931252751,Community water system,Surface water,9800,LENOX,SW,N,LENOX
MA1159000,11,0.00102832391790414,0.000275,0.00125335931252751,Community water system,Surface water purchased,15358,LONGMEADOW,SW,N,LONGMEADOW
MA1190000,4,0.00120149224094731,0.00114962516936711,0.00125335931252751,Community water system,Surface water,55,MONROE,SW,N,MONROE
MA1191000,7,0.000774285714285714,0.00043,0.00141,Community water system,Ground water,4169,MONSON,GW,N,MONSON
MA1192000,6,0.000783208389789035,0.000425,0.00114962516936711,Community water system,Ground water,7057,TURNERS FALLS,GW,N,TURNERS FALLS
MA1192003,1,0.0005,0.0005,0.0005,Community water system,Ground water,450,MONTAGUE,GW,N,MONTAGUE
MA1193000,5,0.000961193792757848,0.000229925033873421,0.00125335931252751,Community water system,Ground water,149,MONTEREY,GW,N,MONTEREY
MA1193003,8,0.000901119180710482,0,0.00125335931252751,Community water system,Ground water,93,MONTEREY,GW,N,MONTEREY
MA1203000,3,0.00121878126480738,0.00115999858368315,0.00125335931252751,Community water system,Ground water,60,MILL RIVER,GW,N,MILL RIVER
MA1203002,4,0.0011631172926477,0.00101915034514844,0.00125335931252751,Community water system,Ground water,80,SOUTHFIELD,GW,N,SOUTHFIELD
MA1209000,16,0.0010856807108289,0.0003875,0.00125335931252751,Community water system,Surface water,13000,NORTH ADAMS,SW,N,NORTH ADAMS
MA1214000,19,0.00064635592238703,0,0.00130353555006283,Community water system,Surface water,28549,NORTHAMPTON,SW,N,NORTHAMPTON
MA1214001,4,0.00120149224094731,0.00114962516936711,0.00125335931252751,Community water system,Ground water,120,LEEDS,GW,N,LEEDS
MA1217000,1,0.00025,0.00025,0.00025,Community water system,Ground water,800,NORTHFIELD,GW,N,NORTHFIELD
MA1217001,4,0.00106501948439564,0.000613003896879127,0.00125335931252751,Community water system,Surface water,726,MOUNT HERMON,SW,Y,MOUNT HERMON
MA1223000,10,0.000809850067746842,0.0005,0.00114962516936711,Community water system,Surface water purchased,6492,ORANGE,SW,N,ORANGE
MA1227000,13,0.000280769230769231,0.00006,0.0005,Community water system,Surface water,4789,PALMER,SW,N,PALMER
MA1227002,6,0.000466666666666667,0.0004,0.0005,Community water system,Ground water,1429,BONDSVILLE,GW,N,BONDSVILLE
MA1227003,7,0.000593867300017951,0.000095,0.00130353555006283,Community water system,Ground water,3258,THREE RIVERS,GW,N,THREE RIVERS
MA1227015,2,0.00130353555006283,0.00130353555006283,0.00130353555006283,Community water system,Ground water,48,PALMER,GW,N,PALMER
MA1236000,24,0.00110985681016672,0.000214943775405066,0.00125335931252751,Community water system,Surface water,44737,PITTSFIELD,SW,N,PITTSFIELD
MA1249008,2,0.00120149224094731,0.00115481187652513,0.00124817260536949,Community water system,Ground water,38,RICHMOND,GW,N,RICHMOND
MA1255000,2,0.0011,0.00056,0.00164,Community water system,Ground water,275,ROYALSTON,GW,N,ROYALSTON
MA1256000,5,0.00119111882663127,0.00114962516936711,0.00125335931252751,Community water system,Ground water,1228,RUSSELL,GW,N,RUSSELL
MA1260001,2,0.00120149224094731,0.00115481187652513,0.00124817260536949,Community water system,Ground water,100,SANDISFIELD,GW,N,SANDISFIELD
MA1267000,4,0.00120149224094731,0.00114962516936711,0.00125335931252751,Community water system,Ground water,965,PLAINVILLE,GW,N,PLAINVILLE
MA1267001,4,0.00120149224094731,0.00114962516936711,0.00125335931252751,Community water system,Ground water,475,SHEFFIELD,GW,Y,SHEFFIELD
MA1268000,4,0.000876679656263757,0.0005,0.00125335931252751,Community water system,Ground water,1978,SHELBURNE FALLS,GW,N,SHELBURNE FALLS
MA1268011,4,0.00120149224094731,0.00114962516936711,0.00125335931252751,Community water system,Ground water,30,SHELBURNE,GW,N,SHELBURNE
MA1275000,108,0.000421574074074074,0.0001,0.0005,Community water system,Surface water purchased,14450,SOUTH HADLEY,SW,N,SOUTH HADLEY
MA1275001,5,0.00034,0.00021,0.0005,Community water system,Ground water,6200,SOUTH HADLEY,GW,N,SOUTH HADLEY
MA1276000,3,0.00118420321708724,0.00114962516936711,0.00124298589821147,Community water system,Ground water,4763,SOUTHAMPTON,GW,N,SOUTHAMPTON
MA1279000,7,0.000822868276797506,0.0005,0.00125335931252751,Community water system,Surface water purchased,7552,SOUTHWICK,SW,N,SOUTHWICK
MA1281000,11,0.00102832391790414,0.000275,0.00125335931252751,Community water system,Surface water,228554,SPRINGFIELD,SW,N,SPRINGFIELD
MA1283003,3,0.00121878126480738,0.00115999858368315,0.00125335931252751,Community water system,Surface water,2800,STOCKBRIDGE,SW,N,STOCKBRIDGE
MA1283015,1,0.00114962516936711,0.00114962516936711,0.00114962516936711,Community water system,Ground water,225,LENOX,GW,N,LENOX
MA1283017,8,0.00120149224094731,0.00114962516936711,0.00125335931252751,Community water system,Ground water,50,STOCKBRIDGE,GW,N,STOCKBRIDGE
MA1283019,4,0.00120149224094731,0.00114962516936711,0.00125335931252751,Community water system,Ground water,25,PITTSFIELD,GW,N,PITTSFIELD
MA1289000,7,0.0005,0.0005,0.0005,Community water system,Ground water,2990,SUNDERLAND,GW,N,SUNDERLAND
MA1289001,2,0.003,0.003,0.003,Community water system,Ground water,500,SUNDERLAND,GW,N,SUNDERLAND
MA1289002,46,0.00420544262320575,0.00114962516936711,0.00675,Community water system,Ground water,88,SUNDERLAND,GW,N,SUNDERLAND
MA1306001,5,0.000821414220025132,0.0005,0.00130353555006283,Community water system,Ground water,80,NORWICH,GW,N,NORWICH
MA1306006,8,0.000575883887515708,0.00025,0.00130353555006283,Community water system,Ground water,25,SPRINGFIELD,GW,N,SPRINGFIELD
MA1309000,8,0.0004375,0.00025,0.0005,Community water system,Ground water,7376,WARE,GW,N,WARE
MA1309001,3,0.000634511850020943,0.00014,0.00122318199505655,Community water system,Ground water,65,WARE,GW,N,WARE
MA1311000,1,0.00130353555006283,0.00130353555006283,0.00130353555006283,Community water system,Ground water,2270,WARREN,GW,N,WARREN
MA1311001,8,0.00103908594860553,0.0005,0.00125335931252751,Community water system,Ground water,927,WEST WARREN,GW,N,WEST WARREN
MA1325000,15,0.000877673243133894,0.000085,0.00126841218378811,Community water system,Surface water purchased,28391,WEST SPRINGFIELD,SW,N,WEST SPRINGFIELD
MA1326000,6,0.00118420321708724,0.00114962516936711,0.00125335931252751,Community water system,Ground water,535,WEST STOCKBRIDGE,GW,N,WEST STOCKBRIDGE
MA1329000,62,0.000547986433882625,0.00005,0.00130353555006283,Community water system,Surface water,42000,WESTFIELD,SW,N,WESTFIELD
MA1337000,1,0.00114962516936711,0.00114962516936711,0.00114962516936711,Community water system,Ground water,100,WHATELY,GW,N,WHATELY
MA1337010,74,0.00473819995354916,0.00125335931252751,0.00614,Community water system,Ground water,1100,SOUTH DEERFIELD,GW,N,SOUTH DEERFIELD
MA1339000,108,0.000421574074074074,0.0001,0.0005,Community water system,Surface water purchased,8533,WILBRAHAM,SW,N,WILBRAHAM
MA1340000,8,0.00123996983612124,0.00114962516936711,0.00130353555006283,Community water system,Ground water,1953,HAYDENVILLE,GW,N,HAYDENVILLE
MA1341000,12,0.00120149224094731,0.00114962516936711,0.00125335931252751,Community water system,Ground water,7326,WILLIAMSTOWN,GW,N,WILLIAMSTOWN
MA1341003,102,0.0036199335263026,0.00005,0.0099,Community water system,Ground water,200,WILLIAMSTOWN,GW,N,WILLIAMSTOWN
MA1341004,2,0.00120149224094731,0.00115481187652513,0.00124817260536949,Community water system,Ground water,50,WILLIAMSTOWN,GW,N,WILLIAMSTOWN
MA1349000,2,0.00120149224094731,0.00115481187652513,0.00124817260536949,Community water system,Ground water,565,WORTHINGTON,GW,Y,WORTHINGTON
MA2002000,85,0.00275294117647059,0.0005,0.00939999999999999,Community water system,Groundwater under influence of surface water,20890,ACTON,SW,N,ACTON
MA2002010,4,0.0005,0.0005,0.0005,Community water system,Ground water,95,WORCESTER,GW,N,WORCESTER
MA2002014,8,0.0005,0.0005,0.0005,Community water system,Ground water,80,ACTON,GW,N,ACTON
MA2011004,14,0.000595378634496106,0.0005,0.001,Community water system,Surface water,11394,ASHBURNHAM,SW,N,ASHBURNHAM
MA2017000,155,0.00268535841337445,0.00005,0.0129999999999998,Community water system,Surface water purchased,11763,AUBURN,SW,N,AUBURN
MA2019000,147,0.000734534043637601,0.0005,0.002,Community water system,Ground water,7519,AYER,GW,N,AYER
MA2019001,22,0.00341310800584118,0.0005,0.006285,Community water system,Ground water,6500,DEVENS,GW,N,DEVENS
MA2021000,8,0.000856203146170888,0.0005,0.00215736880927849,Community water system,Ground water,4000,BARRE,GW,Y,BARRE
MA2021001,11,0.00121563780592373,0.00114962516936711,0.00125335931252751,Community water system,Ground water,114,BARRE,GW,N,BARRE
MA2025000,18,0.000861136363153079,0.0005,0.00125335931252751,Community water system,Ground water,15575,BELLINGHAM,GW,N,BELLINGHAM
MA2028007,12,0.000930251475696053,0.0005,0.00130353555006283,Community water system,Ground water,48,BERLIN,GW,N,BERLIN
MA2028012,2,0.0005,0.0005,0.0005,Community water system,Ground water,150,BOYLSTON,GW,N,BOYLSTON
MA2028015,6,0.000583333333333333,0.0005,0.000875,Community water system,Ground water,40,WORCESTER,GW,N,WORCESTER
MA2028017,6,0.0005,0.0005,0.0005,Community water system,Ground water,272,BERLIN,GW,N,BERLIN
MA2028018,3,0.0005,0.0005,0.0005,Community water system,Ground water,80,WELLESLEY,GW,N,WELLESLEY
MA2028020,2,0.0005,0.0005,0.0005,Community water system,Ground water,1330,BERLIN,GW,Y,BERLIN
MA2032000,6,0.000984950517824941,0.0005,0.00125335931252751,Community water system,Ground water,8046,BLACKSTONE,GW,N,BLACKSTONE
MA2034027,7,0.00104333704464679,0.000185,0.00247600779375825,Community water system,Ground water,60,GARDNER,GW,N,GARDNER
MA2034028,5,0.0005,0.0005,0.0005,Community water system,Ground water,42,FRANKLIN,GW,N,FRANKLIN
MA2034030,5,0.0005,0.0005,0.0005,Community water system,Ground water,148,WESTBOROUGH,GW,N,WESTBOROUGH
MA2034031,12,0.000623062688084338,0,0.000996125376168676,Community water system,Ground water,135,BOSTON,GW,N,BOSTON
MA2037001,5,0.00069845015046747,0.0005,0.000996125376168676,Community water system,Ground water,360,SUDBURY,GW,N,SUDBURY
MA2037002,23,0.000487571400010927,0.00025,0.00130353555006283,Community water system,Ground water,350,BEDFORD,GW,N,BEDFORD
MA2037006,3,0.0005,0.0005,0.0005,Community water system,Ground water,36,HARVARD,GW,N,HARVARD
MA2037007,4,0.000813339828131879,0.0005,0.00121535541564839,Community water system,Ground water,400,BOXBOROUGH,GW,N,BOXBOROUGH
MA2037009,12,0.00229166666666667,0.0005,0.00804999999999999,Community water system,Ground water,68,ACTON,GW,N,ACTON
MA2037013,4,0.0005,0.0005,0.0005,Community water system,Ground water,500,BOXBOROUGH,GW,N,BOXBOROUGH
MA2037014,5,0.000527060176589097,0.00034,0.000768240706356386,Community water system,Ground water,80,ACTON,GW,N,ACTON
MA2037036,4,0.000875,0.0005,0.001775,Community water system,Ground water,463,IRVING,GW,N,IRVING
MA2037038,1,0.0005,0.0005,0.0005,Community water system,Ground water,100,FORT WASHINGTON,GW,N,FORT WASHINGTON
MA2039000,17,0.00138814709867461,0.0005,0.00432,Community water system,Ground water,3182,BOYLSTON,GW,N,BOYLSTON
MA2045000,3,0.000601119770842505,0.000095,0.00117802338127476,Community water system,Ground water,1138,BROOKFIELD,GW,N,BROOKFIELD
MA2045001,11,0.000941688965004633,0.0005,0.00125335931252751,Community water system,Ground water,123,BROOKFIELD,GW,N,BROOKFIELD
MA2045004,7,0.000999178746143458,0.000473837612850603,0.00114962516936711,Community water system,Ground water,228,BROOKFIELD,GW,N,BROOKFIELD
MA2045005,4,0.00103908594860553,0.000597443775405066,0.00125335931252751,Community water system,Ground water,120,BROOKFIELD,GW,N,BROOKFIELD
MA2054003,4,0.00207574612047365,0.00116518529084117,0.002985,Community water system,Ground water,835,CHARLTON,GW,N,CHARLTON
MA2054005,58,0.00150054655241112,0,0.00674999999999999,Community water system,Ground water,26,WESTBOROUGH,GW,N,WESTBOROUGH
MA2054040,12,0.000626119770842505,0,0.00125335931252751,Community water system,Ground water,76,SPRINGFIELD,GW,N,SPRINGFIELD
MA2054050,6,0.00105052678657166,0.0003875,0.00182588388751571,Community water system,Ground water,75,WESTBOROUGH,GW,N,WESTBOROUGH
MA2064000,13,0.00084680293341385,0.00003,0.00125335931252751,Community water system,Surface water,13606,CLINTON,SW,N,CLINTON
MA2077000,10,0.000629925033873421,0.0005,0.00114962516936711,Community water system,Ground water,3855,DOUGLAS,GW,N,DOUGLAS
MA2080000,10,0.0006,0.0005,0.001,Community water system,Ground water,7644,DUDLEY,GW,N,DUDLEY
MA2081000,5,0.000771414220025132,0.0003,0.00130353555006283,Community water system,Ground water,598,DUNSTABLE,GW,N,DUNSTABLE
MA2084000,4,0.00120149224094731,0.00114962516936711,0.00125335931252751,Community water system,Ground water,1526,EAST BROOKFIELD,GW,N,EAST BROOKFIELD
MA2097000,28,0.00083400273947219,0.0003375,0.00124966691681933,Community water system,Surface water,40545,FITCHBURG,SW,N,FITCHBURG
MA2101000,27,0.000968491102977243,0.000996125376168676,0.000996125376168676,Community water system,Ground water,34693,FRANKLIN,GW,N,FRANKLIN
MA2103000,18,0.000830750250779117,0.0005,0.000996125376168676,Community water system,Surface water,19418,GARDNER,SW,N,GARDNER
MA2110000,12,0.000641915373491218,0.00041,0.00119630553378929,Community water system,Ground water,10925,GRAFTON,GW,N,GRAFTON
MA2110001,20,0.000550295132441822,0.0005,0.000835300882945483,Community water system,Groundwater under influence of surface water,3236,SOUTH GRAFTON,SW,N,SOUTH GRAFTON
MA2110004,3,0.000665375125389559,0.0005,0.000946512838551808,Community water system,Ground water,30,NORTHBORO,GW,N,NORTHBORO
MA2110006,5,0.00069845015046747,0.0005,0.000996125376168676,Community water system,Ground water,64,GRAFTON,GW,N,GRAFTON
MA2115000,7,0.000857142857142857,0.0005,0.0017,Community water system,Ground water,5229,GROTON,GW,N,GROTON
MA2115001,8,0.003125,0.00135,0.0053,Community water system,Ground water,1805,WEST GROTON,GW,N,WEST GROTON
MA2115009,4,0.005,0.0033,0.006,Community water system,Ground water,50,GROTON,GW,N,GROTON
MA2125000,8,0.001125,0.0005,0.0036,Community water system,Ground water,1650,HARVARD,GW,N,HARVARD
MA2125013,86,0.00351566613496276,0.0005,0.006,Community water system,Ground water,40,NEW IPSWICH,GW,N,NEW IPSWICH
MA2125014,8,0.0005,0.0005,0.0005,Community water system,Ground water,150,HARVARD,GW,N,HARVARD
MA2125016,10,0.0014,0.0005,0.00429999999999999,Community water system,Ground water,104,HARVARD,GW,N,HARVARD
MA2125021,4,0.0005,0.0005,0.0005,Community water system,Ground water,150,HARVARD,GW,N,HARVARD
MA2134000,21,0.00121657742127788,0.0003,0.004,Community water system,Surface water purchased,17299,HOLDEN,SW,N,HOLDEN
MA2136000,24,0.000892007900885397,0.00005,0.00125335931252751,Community water system,Ground water,14946,HOLLISTON,GW,N,HOLLISTON
MA2138000,14,0.0005,0.0005,0.0005,Community water system,Surface water purchased,5966,HOPEDALE,SW,N,HOPEDALE
MA2139000,18,0.00113165371563131,0.00099218139396204,0.00125335931252751,Community water system,Ground water,9507,HOPKINTON,GW,N,HOPKINTON
MA2139006,5,0.0005,0.0005,0.0005,Community water system,Ground water,100,SOUTHBOROUGH,GW,N,SOUTHBOROUGH
MA2139007,9,0.000830750250779117,0.0005,0.000996125376168676,Community water system,Ground water,50,WHITINSVILLE,GW,N,WHITINSVILLE
MA2139008,3,0.000665375125389559,0.0005,0.000946512838551808,Community water system,Ground water,80,BOYLSTON,GW,N,BOYLSTON
MA2139010,5,0.000797675225701205,0.0005,0.000996125376168676,Community water system,Ground water,100,WESTBOROUGH,GW,N,WESTBOROUGH
MA2139011,5,0.0005,0.0005,0.0005,Community water system,Ground water,75,HOPKINTON,GW,N,HOPKINTON
MA2140010,4,0.0004375,0.0002875,0.0005,Community water system,Ground water,40,WORCESTER,GW,N,WORCESTER
MA2140011,38,0.00736842105263158,0.005,0.009,Community water system,Ground water,40,HUBBARDSTON,GW,N,HUBBARDSTON
MA2140013,9,0.000644361148748246,0.0005,0.00114962516936711,Community water system,Ground water,40,NASHUA,GW,N,NASHUA
MA2141000,39,0.000853498433206124,0.00014,0.00125335931252751,Community water system,Surface water,18138,HUDSON,SW,N,HUDSON
MA2147000,6,0.0005,0.0005,0.0005,Community water system,Ground water,6000,LANCASTER,GW,N,LANCASTER
MA2147008,54,0.00171307227127475,0.0005,0.006,Community water system,Ground water,120,BOSTON,GW,N,BOSTON
MA2151000,183,0.00138574707110938,0.00005,0.00125335931252751,Community water system,Groundwater under influence of surface water,3200,LEICESTER,SW,N,LEICESTER
MA2151001,34,0.00204098013418637,0.00005,0.00634999999999999,Community water system,Surface water purchased,3685,ROCHDALE,SW,N,ROCHDALE
MA2151002,61,0.00334035350477142,0.00005,0.0098,Community water system,Purchased ground water under influence of surface water source,1500,LEICESTER,SW,N,LEICESTER
MA2151009,59,0.0020455826851657,0.0005,0.007,Community water system,Ground water,140,CHERRY VALLEY,GW,N,CHERRY VALLEY
MA2153000,45,0.0005,0.0005,0.0005,Community water system,Surface water,40490,LEOMINSTER,SW,N,LEOMINSTER
MA2158000,44,0.000775,0.0005,0.002,Community water system,Ground water,9321,LITTLETON,GW,N,LITTLETON
MA2162000,16,0.000614706305184093,0.0005,0.00112647566220911,Community water system,Ground water,7073,LUNENBURG,GW,N,LUNENBURG
MA2170000,115,0.000464555446890185,0.0001,0.0010421753141282,Community water system,Surface water purchased,38499,MARLBOROUGH,SW,N,MARLBOROUGH
MA2174000,35,0.000736950564530375,0.0005,0.00130353555006283,Community water system,Ground water,10754,MAYNARD,GW,N,MAYNARD
MA2175000,18,0.000959628161202461,0.000785005750503661,0.000996125376168676,Community water system,Ground water,12595,MEDFIELD,GW,N,MEDFIELD
MA2177000,12,0.00075,0.0005,0.002,Community water system,Ground water,9654,MEDWAY,GW,N,MEDWAY
MA2179001,4,0.0005,0.0005,0.0005,Community water system,Ground water,31,MENDON,GW,N,MENDON
MA2185000,22,0.000837481688295716,0.0005,0.00124817260536949,Community water system,Surface water,27999,MILFORD,SW,N,MILFORD
MA2186000,20,0.00107346960253654,0.0000475,0.00125335931252751,Community water system,Surface water purchased,9431,MILLBURY,SW,N,MILLBURY
MA2187000,13,0.00118952291673649,0.00114962516936711,0.00125335931252751,Community water system,Ground water,8729,MILLIS,GW,N,MILLIS
MA2187002,4,0.0005,0.0005,0.0005,Community water system,Ground water,25,CUMBERLAND,GW,N,CUMBERLAND
MA2208000,13,0.000652653961898054,0.0005,0.000996125376168676,Community water system,Ground water,7602,NORFOLK,GW,N,NORFOLK
MA2208001,7,0.000996125376168676,0.000996125376168676,0.000996125376168676,Community water system,Ground water,3800,MILFORD,GW,N,MILFORD
MA2212000,5,0.0005,0.0005,0.0005,Community water system,Surface water,3815,NORTH BROOKFIELD,SW,N,NORTH BROOKFIELD
MA2215000,109,0.000421376146788991,0.0001,0.0005,Community water system,Surface water purchased,11482,NORTHBOROUGH,SW,N,NORTHBOROUGH
MA2216000,19,0.00102093802789113,0.0005,0.00169318199505654,Community water system,Groundwater under influence of surface water,8037,WHITINSVILLE,SW,N,WHITINSVILLE
MA2226000,15,0.00161141774692635,0.00114962516936711,0.00419,Community water system,Ground water,6837,MILLBURY,GW,N,MILLBURY
MA2226007,5,0.00125070711001257,0.00042,0.00186,Community water system,Ground water,60,WEBSTER,GW,N,WEBSTER
MA2226008,6,0.000913437813473896,0.000624031344042169,0.000996125376168676,Community water system,Ground water,40,OXFORD,GW,N,OXFORD
MA2226009,4,0.000625883887515708,0.00025,0.00121300521755341,Community water system,Ground water,33,OXFORD,GW,N,OXFORD
MA2226011,57,0.0013308121951517,0.0005,0.00459999999999999,Community water system,Ground water,50,BOYLSTON,GW,N,BOYLSTON
MA2232000,18,0.00118352975278127,0.0005,0.00274999999999999,Community water system,Ground water,8543,PEPPERELL,GW,N,PEPPERELL
MA2257000,14,0.000890390962688665,0.0000325,0.00127092099566487,Community water system,Surface water,5498,RUTLAND,SW,N,RUTLAND
MA2257003,67,0.00302558443166518,0.0005,0.0188,Community water system,Ground water,70,RUTLAND,GW,N,RUTLAND
MA2270000,8,0.00125,0.0005,0.0033,Community water system,Ground water,4068,SHIRLEY,GW,N,SHIRLEY
MA2270001,54,0.00108631951410531,0.0005,0.00269999999999999,Community water system,Ground water,3500,MILFORD,GW,N,MILFORD
MA2270009,20,0.005875,0.000975,0.00705,Community water system,Ground water,125,LEOMINSTER,GW,N,LEOMINSTER
MA2271000,6,0.000842101608543621,0.000125,0.00122742577673741,Community water system,Ground water,35561,SHREWSBURY,GW,N,SHREWSBURY
MA2277000,108,0.000421574074074074,0.0001,0.0005,Community water system,Surface water purchased,10392,SOUTHBOROUGH,SW,N,SOUTHBOROUGH
MA2278000,3,0.000830750250779117,0.000549612537616868,0.000996125376168676,Community water system,Surface water,16880,SOUTHBRIDGE,SW,N,SOUTHBRIDGE
MA2280000,10,0.00096162231389071,0.000225,0.00128095624317194,Community water system,Ground water,7037,SPENCER,GW,N,SPENCER
MA2280002,11,0.00113319606903955,0.000748062688084338,0.00125335931252751,Community water system,Ground water,54,SPENCER,GW,N,SPENCER
MA2282000,10,0.00221035355500628,0.0005,0.00601,Community water system,Ground water,7400,STERLING,GW,N,STERLING
MA2286000,5,0.00079845015046747,0.0005,0.000999225075233735,Community water system,Ground water,220,STOW,GW,N,STOW
MA2286012,6,0.0005,0.0005,0.0005,Community water system,Ground water,92,STOW,GW,N,STOW
MA2286017,4,0.001,0.0005,0.00185,Community water system,Ground water,54,STOW,GW,N,STOW
MA2286018,7,0.0005,0.0005,0.0005,Community water system,Ground water,175,STOW,GW,N,STOW
MA2286024,20,0.00218461253761687,0.0005,0.0071,Community water system,Ground water,300,CONCORD,GW,N,CONCORD
MA2286026,5,0.0005,0.0005,0.0005,Community water system,Ground water,132,TEWKSBURY,GW,N,TEWKSBURY
MA2286031,4,0.000583825220736371,0.0005,0.00078500575050366,Community water system,Ground water,134,STOW,GW,N,STOW
MA2286033,2,0.0005,0.0005,0.0005,Community water system,Ground water,132,BEDFORD,GW,N,BEDFORD
MA2287000,15,0.000866998273203068,0.000365,0.00126841218378811,Community water system,Groundwater under influence of surface water,4597,STURBRIDGE,SW,N,STURBRIDGE
MA2287020,17,0.000850206147883771,0.0005,0.000996125376168676,Community water system,Ground water,350,STURBRIDGE,GW,N,STURBRIDGE
MA2287025,7,0.000856442107651579,0.00015,0.00125335931252751,Community water system,Ground water,52,STURBRIDGE,GW,N,STURBRIDGE
MA2290001,4,0.000786437636383945,0.0005,0.00112660020038734,Community water system,Ground water,476,MANCHAUG,GW,N,MANCHAUG
MA2290014,9,0.000754611232341285,0.0005,0.00114962516936711,Community water system,Ground water,2662,SUTTON,GW,N,SUTTON
MA2294000,18,0.000929187509871585,0.00005,0.00125335931252751,Community water system,Ground water,6123,BALDWINVILLE,GW,N,BALDWINVILLE
MA2299000,16,0.0005,0.0005,0.0005,Community water system,Ground water,6500,TOWNSEND,GW,N,TOWNSEND
MA2303000,11,0.000677170500736483,0.0005,0.00114962516936711,Community water system,Ground water,4338,UPTON,GW,N,UPTON
MA2303004,3,0.0005,0.0005,0.0005,Community water system,Ground water,80,CANTON,GW,N,CANTON
MA2304000,23,0.0005,0.0005,0.0005,Community water system,Ground water,11026,UXBRIDGE,GW,N,UXBRIDGE
MA2316000,12,0.00121013675287734,0.00114962516936711,0.00125335931252751,Community water system,Ground water,16767,WEBSTER,GW,N,WEBSTER
MA2321000,9,0.00160117851668761,0.0005,0.00272,Community water system,Surface water purchased,7524,WEST BOYLSTON,SW,N,WEST BOYLSTON
MA2323000,6,0.000690958424255964,0.0005,0.0011112502210675,Community water system,Ground water,2477,WEST BROOKFIELD,GW,N,WEST BROOKFIELD
MA2323002,4,0.000400839828131879,0.000015,0.00110285541564839,Community water system,Ground water,50,WEST BROOKFIELD,GW,N,WEST BROOKFIELD
MA2328000,103,0.000687378640776699,0.0005,0.002,Community water system,Surface water,18272,WESTBOROUGH,SW,N,WESTBOROUGH
MA2332000,5,0.000567060176589097,0.0005,0.000768240706356386,Community water system,Surface water purchased,3575,WESTMINSTER,SW,N,WESTMINSTER
MA2348000,14,0.0005,0.0005,0.0005,Community water system,Surface water,181045,WORCESTER,SW,N,WORCESTER
MA3007000,9,0.000844739275447138,0.0005,0.0011681608053099,Community water system,Surface water,16283,AMESBURY,SW,N,AMESBURY
MA3009000,10,0.000896512838551808,0.000448256419275904,0.000996125376168676,Community water system,Surface water,33201,ANDOVER,SW,N,ANDOVER
MA3010000,108,0.000421574074074074,0.0001,0.0005,Community water system,Surface water purchased,42844,ARLINGTON,SW,N,ARLINGTON
MA3014000,3,0.000333333333333333,0.00025,0.000475,Community water system,Surface water purchased,16593,ASHLAND,SW,N,ASHLAND
MA3023000,1,0.0005,0.0005,0.0005,Community water system,Surface water purchased,14126,BEDFORD,SW,N,BEDFORD
MA3023001,108,0.000421574074074074,0.0001,0.0005,Community water system,Surface water purchased,177,BEDFORD,SW,N,BEDFORD
MA3023002,108,0.000421574074074074,0.0001,0.0005,Community water system,Surface water purchased,11799,HANSCOM AFB,SW,N,HANSCOM AFB
MA3026000,108,0.000421574074074074,0.0001,0.0005,Community water system,Surface water purchased,24254,BELMONT,SW,N,BELMONT
MA3030000,10,0.0008,0.0005,0.00155,Community water system,Surface water purchased,43648,BEVERLY,SW,N,BEVERLY
MA3031000,13,0.000756769330605626,0.0005,0.00136977510162026,Community water system,Surface water,43367,BILLERICA,SW,N,BILLERICA
MA3035000,108,0.000421574074074074,0.0001,0.0005,Community water system,Surface water purchased,617594,BOSTON,SW,N,BOSTON
MA3038001,5,0.000700596896378924,0.00025,0.00123261248389543,Community water system,Ground water,133,BOXFORD,GW,N,BOXFORD
MA3038020,5,0.00132044696412577,0.00114962516936711,0.0017706718625055,Community water system,Ground water,145,BOXFORD,GW,N,BOXFORD
MA3046000,108,0.000421574074074074,0.0001,0.0005,Community water system,Surface water purchased,59120,BROOKLINE,SW,N,BROOKLINE
MA3048000,23,0.00079002616373439,0.0005,0.0019,Community water system,Surface water,26444,BURLINGTON,SW,N,BURLINGTON
MA3049000,10,0.000826895344568386,0.00014,0.00125335931252751,Community water system,Surface water,105162,CAMBRIDGE,SW,N,CAMBRIDGE
MA3051021,3,0.0005,0.0005,0.0005,Community water system,Ground water,50,CARLISLE,GW,N,CARLISLE
MA3051022,1,0.0005,0.0005,0.0005,Community water system,Ground water,32,CARLISLE,GW,N,CARLISLE
MA3056000,13,0.00165384615384615,0.0005,0.00699999999999999,Community water system,Ground water,28079,CHELMSFORD,GW,N,CHELMSFORD
MA3056001,4,0.000688383887515708,0.0002875,0.00121300521755341,Community water system,Surface water purchased,2350,CHELMSFORD,SW,N,CHELMSFORD
MA3056002,3,0.001,0.0005,0.00185,Community water system,Ground water,7350,NORTH CHELMSFORD,GW,N,NORTH CHELMSFORD
MA3057000,108,0.000421574074074074,0.0001,0.0005,Community water system,Surface water purchased,39690,CHELSEA,SW,N,CHELSEA
MA3067000,43,0.000938406412023725,0.0005,0.00124298589821147,Community water system,Surface water,16605,CONCORD,SW,N,CONCORD
MA3071000,26,0.000975760264667833,0.00005,0.00125335931252751,Community water system,Surface water,26493,MIDDLETON,SW,N,MIDDLETON
MA3073000,11,0.000996125376168676,0.000996125376168676,0.000996125376168676,Community water system,Surface water purchased,41149,DEDHAM,SW,N,DEDHAM
MA3078001,5,0.00069845015046747,0.0005,0.000996125376168676,Community water system,Ground water,40,DOVER,GW,N,DOVER
MA3078006,15,0.000996125376168676,0.000996125376168676,0.000996125376168676,Community water system,Ground water,1890,PLAINVILLE,GW,N,PLAINVILLE
MA3078008,4,0.000872094032126507,0.000574418806425301,0.000996125376168676,Community water system,Ground water,130,PLAINVILLE,GW,N,PLAINVILLE
MA3079000,10,0.00119,0.00039,0.002,Community water system,Surface water purchased,26129,DRACUT,SW,N,DRACUT
MA3092000,3,0.000849750112911404,0.000339962516936711,0.00114962516936711,Community water system,Ground water,3200,ESSEX,GW,N,ESSEX
MA3093000,108,0.000421574074074074,0.0001,0.0005,Community water system,Surface water purchased,46087,EVERETT,SW,N,EVERETT
MA3100000,108,0.000421574074074074,0.0001,0.0005,Community water system,Surface water purchased,68318,FRAMINGHAM,SW,N,FRAMINGHAM
MA3105000,1,0.0005,0.0005,0.0005,Community water system,Ground water,8766,GEORGETOWN,GW,N,GEORGETOWN
MA3107000,42,0.000931218093808943,0.00025,0.00125335931252751,Community water system,Surface water,38038,GLOUCESTER,SW,N,GLOUCESTER
MA3116000,8,0.000950652412815431,0.00025,0.00125335931252751,Community water system,Ground water,6267,GROVELAND,GW,N,GROVELAND
MA3119000,8,0.000950652412815431,0.00025,0.00125335931252751,Community water system,Ground water,7833,HAMILTON,GW,N,HAMILTON
MA3128000,10,0.000847287763318073,0.0005,0.000996125376168676,Community water system,Surface water,60769,HAVERHILL,SW,N,HAVERHILL
MA3144000,26,0.00115295200988508,0.0005,0.0045,Community water system,Surface water,13610,IPSWICH,SW,N,IPSWICH
MA3149000,13,0.000723296723271219,0.00025,0.00130353555006283,Community water system,Surface water,80162,LAWRENCE,SW,N,LAWRENCE
MA3155000,108,0.000421574074074074,0.0001,0.0005,Community water system,Surface water purchased,32271,LEXINGTON,SW,N,LEXINGTON
MA3157000,15,0.000526666666666667,0.00047,0.00065,Community water system,Surface water,5640,LINCOLN,SW,N,LINCOLN
MA3160000,13,0.00073252904870621,0.00032,0.000996125376168676,Community water system,Surface water,106519,LOWELL,SW,N,LOWELL
MA3163000,13,0.000531585126937576,0.00025,0.00130353555006283,Community water system,Surface water,90329,LYNN,SW,N,LYNN
MA3164000,14,0.0005,0.0005,0.0005,Community water system,Ground water,8326,LYNNFIELD,GW,N,LYNNFIELD
MA3164001,108,0.000421574074074074,0.0001,0.0005,Community water system,Surface water purchased,4820,LYNNFIELD,SW,N,LYNNFIELD
MA3165000,108,0.000421574074074074,0.0001,0.0005,Community water system,Surface water purchased,59450,MALDEN,SW,N,MALDEN
MA3166000,17,0.000857757511190849,0.00041,0.00114962516936711,Community water system,Surface water,5609,MANCHESTER BY THE SEA,SW,N,MANCHESTER BY THE SEA
MA3168000,108,0.000421574074074074,0.0001,0.0005,Community water system,Surface water purchased,19808,MARBLEHEAD,SW,N,MARBLEHEAD
MA3176000,108,0.000421574074074074,0.0001,0.0005,Community water system,Surface water purchased,57945,MEDFORD,SW,N,MEDFORD
MA3178000,108,0.000421574074074074,0.0001,0.0005,Community water system,Surface water purchased,28016,MELROSE,SW,N,MELROSE
MA3180000,4,0.0005,0.0005,0.0005,Community water system,Ground water,6862,MERRIMAC,GW,N,MERRIMAC
MA3181000,10,0.000922623694570824,0.0005,0.00113760404116604,Community water system,Surface water,50706,METHUEN,SW,N,METHUEN
MA3189000,108,0.000421574074074074,0.0001,0.0005,Community water system,Surface water purchased,27003,MILTON,SW,N,MILTON
MA3196000,108,0.000421574074074074,0.0001,0.0005,Community water system,Surface water purchased,3410,NAHANT,SW,N,NAHANT
MA3198000,15,0.00063281671682249,0.0005,0.001,Community water system,Ground water,36050,NATICK,GW,N,NATICK
MA3199000,5,0.000797675225701205,0.0005,0.000996125376168676,Community water system,Surface water purchased,32795,NEEDHAM,SW,N,NEEDHAM
MA3205001,56,0.00466908933945267,0.0005,0.00825,Community water system,Ground water,2330,BYFIELD,GW,N,BYFIELD
MA3206000,16,0.00081032052409488,0.0005,0.000997094032126507,Community water system,Surface water,20335,NEWBURYPORT,SW,N,NEWBURYPORT
MA3207000,108,0.000421574074074074,0.0001,0.0005,Community water system,Surface water purchased,89045,NEWTON,SW,N,NEWTON
MA3210000,10,0.000987562776511337,0.000695756419275904,0.00114962516936711,Community water system,Surface water,31685,NORTH ANDOVER,SW,N,NORTH ANDOVER
MA3213000,7,0.000713732196595525,0.0005,0.001,Community water system,Surface water purchased,15500,NORTH READING,SW,N,NORTH READING
MA3229000,40,0.00053874074725482,0.0001,0.000996125376168676,Community water system,Surface water,52377,PEABODY,SW,N,PEABODY
MA3243000,108,0.000421574074074074,0.0001,0.0005,Community water system,Surface water purchased,96329,QUINCY,SW,N,QUINCY
MA3246000,108,0.000421574074074074,0.0001,0.0005,Community water system,Surface water purchased,27241,READING,SW,N,READING
MA3248000,108,0.000421574074074074,0.0001,0.0005,Community water system,Surface water purchased,51755,REVERE,SW,N,REVERE
MA3252000,12,0.000706718906736948,0.0005,0.000996125376168676,Community water system,Surface water,10000,ROCKPORT,SW,N,ROCKPORT
MA3254000,9,0.00161169103361372,0.000999850067746842,0.00348,Community water system,Ground water,6500,ROWLEY,GW,N,ROWLEY
MA3258000,10,0.0008,0.0005,0.00155,Community water system,Surface water purchased,42869,SALEM,SW,N,SALEM
MA3259000,6,0.000845100294315161,0.0005,0.00163382522073637,Community water system,Ground water,20000,SALISBURY,GW,N,SALISBURY
MA3262000,108,0.000421574074074074,0.0001,0.0005,Community water system,Surface water purchased,23757,SAUGUS,SW,N,SAUGUS
MA3269002,4,0.000872094032126507,0.000574418806425301,0.000996125376168676,Community water system,Ground water,30,SHERBORN,GW,N,SHERBORN
MA3269028,4,0.000872094032126507,0.000574418806425301,0.000996125376168676,Community water system,Ground water,25,SHERBORN,GW,N,SHERBORN
MA3269032,1,0.0005,0.0005,0.0005,Community water system,Ground water,110,SOUTHBOROUGH,GW,N,SOUTHBOROUGH
MA3274000,108,0.000421574074074074,0.0001,0.0005,Community water system,Surface water purchased,81360,SOMERVILLE,SW,N,SOMERVILLE
MA3284000,108,0.000421574074074074,0.0001,0.0005,Community water system,Surface water purchased,21437,STONEHAM,SW,N,STONEHAM
MA3288000,18,0.000683333333333333,0.0005,0.001235,Community water system,Ground water,18563,SUDBURY,GW,N,SUDBURY
MA3291000,108,0.000421574074074074,0.0001,0.0005,Community water system,Surface water purchased,14793,SWAMPSCOTT,SW,N,SWAMPSCOTT
MA3295000,13,0.000805307923796108,0.0005,0.000996125376168676,Community water system,Surface water,31044,TEWKSBURY,SW,N,TEWKSBURY
MA3295001,9,0.00581777777777778,0.000416,0.00908,Community water system,Ground water,2500,TEWKSBURY,GW,N,TEWKSBURY
MA3298000,13,0.000932017164531315,0.00025,0.0015821213300377,Community water system,Ground water,5257,TOPSFIELD,GW,N,TOPSFIELD
MA3298002,2,0.00120149224094731,0.00115481187652513,0.00124817260536949,Community water system,Ground water,25,TOPSFIELD,GW,N,TOPSFIELD
MA3301002,5,0.000610707110012566,0.0003,0.00114282844005026,Community water system,Ground water,150,LOWELL,GW,N,LOWELL
MA3301008,4,0.00225,0.002,0.00285,Community water system,Ground water,60,TYNGSBOROUGH,GW,N,TYNGSBOROUGH
MA3301020,3,0.00207843362764849,0.000951770794650935,0.00326,Community water system,Ground water,120,TYNGSBORO,GW,N,TYNGSBORO
MA3301027,4,0.00171338388751571,0.0002875,0.00427553033250942,Community water system,Ground water,30,MALDEN,GW,N,MALDEN
MA3301035,9,0.000795230122236184,0.00025,0.00172141422002513,Community water system,Ground water,96,TYNGSBOROUGH,GW,N,TYNGSBOROUGH
MA3301044,3,0.00065,0.000295,0.00097,Community water system,Ground water,25,TYNGSBOROUGH,GW,N,TYNGSBOROUGH
MA3305000,12,0.00118745705739135,0.0005,0.003,Community water system,Surface water,24932,WAKEFIELD,SW,N,WAKEFIELD
MA3308000,108,0.000421574074074074,0.0001,0.0005,Community water system,Surface water purchased,60630,WALTHAM,SW,N,WALTHAM
MA3314000,108,0.000421574074074074,0.0001,0.0005,Community water system,Surface water purchased,36250,WATERTOWN,SW,N,WATERTOWN
MA3315000,21,0.000595053589341366,0.0005,0.000996125376168676,Community water system,Ground water,14567,WAYLAND,GW,N,WAYLAND
MA3317000,13,0.000560346269590362,0.0001,0.000996125376168676,Community water system,Surface water purchased,29100,WELLESLEY,SW,N,WELLESLEY
MA3317001,5,0.00042,0.00018,0.0005,Community water system,Ground water,3000,WELLESLEY,GW,Y,WELLESLEY
MA3320000,2,0.00025,0.00025,0.00025,Community water system,Ground water,3942,WENHAM,GW,N,WENHAM
MA3324000,6,0.00241666666666667,0.0005,0.00725,Community water system,Surface water purchased,3012,WEST NEWBURY,SW,N,WEST NEWBURY
MA3330000,26,0.000638461538461538,0.00035,0.000875,Community water system,Groundwater under influence of surface water,18000,WESTFORD,SW,N,WESTFORD
MA3330019,4,0.00235882522073637,0.00107000575050366,0.00324,Community water system,Ground water,60,TYNGSBOROUGH,GW,N,TYNGSBOROUGH
MA3333000,108,0.000421574074074074,0.0001,0.0005,Community water system,Surface water purchased,11283,WESTON,SW,N,WESTON
MA3333001,5,0.0005,0.0005,0.0005,Community water system,Surface water purchased,425,WESTON,SW,N,WESTON
MA3342000,71,0.000729894803677884,0.0002,0.00125335931252751,Community water system,Surface water purchased,22655,WILMINGTON,SW,N,WILMINGTON
MA3344000,11,0.000463636363636364,0.0003,0.0005,Community water system,Surface water,22800,WINCHESTER,SW,N,WINCHESTER
MA3346000,108,0.000421574074074074,0.0001,0.0005,Community water system,Surface water purchased,17497,WINTHROP,SW,N,WINTHROP
MA3347000,28,0.000450714285714286,0.0001,0.001065,Community water system,Surface water purchased,38120,WOBURN,SW,N,WOBURN
MA4001000,33,0.000996125376168676,0.000996125376168676,0.000996125376168676,Community water system,Surface water,33404,ROCKLAND,SW,N,ROCKLAND
MA4003002,7,0.000996125376168676,0.000996125376168676,0.000996125376168676,Community water system,Ground water,67,ACUSHNET,GW,N,ACUSHNET
MA4003004,5,0.000996125376168676,0.000996125376168676,0.000996125376168676,Community water system,Ground water,85,ACUSHNET,GW,N,ACUSHNET
MA4016000,42,0.000800234595935046,0.0001625,0.000996125376168676,Community water system,Surface water,43593,ATTLEBORO,SW,N,ATTLEBORO
MA4018000,16,0.000655039180052711,0.0005,0.000996125376168676,Community water system,Ground water,4292,AVON,GW,N,AVON
MA4020000,7,0.0005,0.0005,0.0005,Community water system,Ground water,5236,BARNSTABLE,GW,N,BARNSTABLE
MA4020002,38,0.0005,0.0005,0.0005,Community water system,Ground water,50000,OSTERVILLE,GW,N,OSTERVILLE
MA4020003,34,0.0005,0.0005,0.0005,Community water system,Ground water,4953,COTUIT,GW,N,COTUIT
MA4020004,26,0.00107692307692308,0.0005,0.00275,Community water system,Ground water,35000,HYANNIS,GW,N,HYANNIS
MA4036000,32,0.000515625,0.0005,0.0005,Community water system,Ground water,22500,POCASSET,GW,N,POCASSET
MA4036001,11,0.000996125376168676,0.000996125376168676,0.000996125376168676,Community water system,Ground water,7700,BOURNE,GW,N,BOURNE
MA4036002,5,0.000599225075233735,0.0005,0.00089690030093494,Community water system,Ground water,4606,SAGAMORE BEACH,GW,N,SAGAMORE BEACH
MA4040000,14,0.000374723241154905,0.00025,0.000673643881659036,Community water system,Surface water,37544,BRAINTREE,SW,N,BRAINTREE
MA4041000,17,0.0005,0.0005,0.0005,Community water system,Ground water,35000,BREWSTER,GW,N,BREWSTER
MA4042000,22,0.000988815171931258,0.000996125376168676,0.000996125376168676,Community water system,Ground water,26563,BRIDGEWATER,GW,N,BRIDGEWATER
MA4044000,31,0.00106151642025962,0.0005,0.000996125376168676,Community water system,Surface water,95594,BROCKTON,SW,N,BROCKTON
MA4050000,11,0.000951023069244251,0.000748062688084338,0.000996125376168676,Community water system,Surface water purchased,21872,CANTON,SW,N,CANTON
MA4052001,5,0.000797675225701205,0.0005,0.000996125376168676,Community water system,Ground water,750,CARVER,GW,N,CARVER
MA4052025,3,0.0005,0.0005,0.0005,Community water system,Ground water,348,CARVER,GW,N,CARVER
MA4052044,2,0.0005,0.0005,0.0005,Community water system,Ground water,102,PLYMOUTH,GW,N,PLYMOUTH
MA4052054,3,0.000665375125389559,0.0005,0.000946512838551808,Community water system,Ground water,120,CARVER,GW,N,CARVER
MA4052061,5,0.00339922507523374,0.0005,0.0078,Community water system,Ground water,100,CARVER,GW,N,CARVER
MA4052067,6,0.000665375125389559,0.0005,0.000996125376168676,Community water system,Ground water,414,CARVER,GW,N,CARVER
MA4052069,3,0.000830750250779117,0.000549612537616868,0.000996125376168676,Community water system,Ground water,40,CARVER,GW,N,CARVER
MA4052070,5,0.00044,0.00032,0.0005,Community water system,Ground water,176,EXETER,GW,N,EXETER
MA4052072,3,0.000996125376168676,0.000996125376168676,0.000996125376168676,Community water system,Ground water,100,CARVER,GW,N,CARVER
MA4052074,3,0.0005,0.0005,0.0005,Community water system,Ground water,87,RAYNHAM,GW,N,RAYNHAM
MA4055000,20,0.000772868956892772,0.0005,0.000996125376168676,Community water system,Ground water,30000,CHATHAM,GW,N,CHATHAM
MA4062000,2,0.0005,0.0005,0.0005,Community water system,Ground water,841,CHILMARK,GW,N,CHILMARK
MA4065000,18,0.000610895854231593,0.0005,0.00114670656974337,Community water system,Surface water,7622,COHASSET,SW,N,COHASSET
MA4072000,9,0.000996125376168676,0.000996125376168676,0.000996125376168676,Community water system,Surface water purchased,24412,DARTMOUTH,SW,N,DARTMOUTH
MA4075000,33,0.000650341023081417,0.0005,0.000996125376168676,Community water system,Ground water,65000,SOUTH DENNIS,GW,N,SOUTH DENNIS
MA4076000,3,0.000996125376168676,0.000996125376168676,0.000996125376168676,Community water system,Surface water purchased,4912,NORTH DIGHTON,SW,N,NORTH DIGHTON
MA4076004,11,0.000722625046191029,0.0005,0.00114962516936711,Community water system,Surface water,93810,NORTH DIGHTON,SW,N,NORTH DIGHTON
MA4082000,57,0.000587039539678715,0.0005,0.000996125376168676,Community water system,Ground water,16445,DUXBURY,GW,N,DUXBURY
MA4083000,6,0.000996125376168676,0.000996125376168676,0.000996125376168676,Community water system,Surface water purchased,14526,EAST BRIDGEWATER,SW,N,EAST BRIDGEWATER
MA4086095,6,0.000665375125389559,0.0005,0.000996125376168676,Community water system,Ground water,4904,EASTHAM,GW,N,EASTHAM
MA4088000,15,0.000996125376168676,0.000996125376168676,0.000996125376168676,Community water system,Ground water,23112,EASTON,GW,N,EASTON
MA4089000,9,0.000831180764538153,0.0005,0.00099845015046747,Community water system,Ground water,6993,EDGARTOWN,GW,N,EDGARTOWN
MA4095000,14,0.000801874067550589,0.0005,0.00108615725389427,Community water system,Surface water,89541,FALL RIVER,SW,N,FALL RIVER
MA4096000,23,0.000534936328263601,0.0005,0.0005,Community water system,Surface water,77500,FALMOUTH,SW,N,FALMOUTH
MA4096001,6,0.000790935010810811,0.0005,0.0011890508284378,Community water system,Ground water,6000,BUZZARDS BAY,GW,N,BUZZARDS BAY
MA4099000,12,0.000996125376168676,0.000996125376168676,0.000996125376168676,Community water system,Ground water,17371,FOXBOROUGH,GW,N,FOXBOROUGH
MA4109000,1,0.000996125376168676,0.000996125376168676,0.000996125376168676,Community water system,Ground water,425,GOSNOLD,GW,N,GOSNOLD
MA4118000,10,0.000996125376168676,0.000996125376168676,0.000996125376168676,Community water system,Surface water purchased,7543,HALIFAX,SW,N,HALIFAX
MA4122000,13,0.000931038808771085,0.000657675225701205,0.000996125376168676,Community water system,Ground water,14547,HANOVER,GW,N,HANOVER
MA4123000,8,0.000996125376168676,0.000996125376168676,0.000996125376168676,Community water system,Surface water purchased,8444,HANSON,SW,N,HANSON
MA4126000,22,0.000727272727272727,0.0005,0.002,Community water system,Ground water,40062,HARWICH,GW,N,HARWICH
MA4131000,14,0.00110071884102957,0.000764756360088618,0.00125335931252751,Community water system,Surface water,40921,HINGHAM,SW,N,HINGHAM
MA4133000,14,0.000960687849299485,0.000822481494509639,0.000996125376168676,Community water system,Surface water purchased,10958,HOLBROOK,SW,N,HOLBROOK
MA4145000,29,0.000705827689977566,0.0005,0.00099845015046747,Community water system,Ground water,14131,KINGSTON,GW,N,KINGSTON
MA4145006,6,0.000996125376168676,0.000996125376168676,0.000996125376168676,Community water system,Ground water,35,KINGSTON,GW,N,KINGSTON
MA4146004,3,0.000582041792056225,0.000275,0.000946512838551808,Community water system,Ground water,82,LAKEVILLE,GW,N,LAKEVILLE
MA4146006,1,0.000996125376168676,0.000996125376168676,0.000996125376168676,Community water system,Ground water,150,LAKEVILLE,GW,N,LAKEVILLE
MA4146039,2,0.000748062688084338,0.000524806268808434,0.000971319107360242,Community water system,Ground water,80,OVERBROOK,GW,N,OVERBROOK
MA4167000,25,0.000996125376168676,0.000996125376168676,0.000996125376168676,Community water system,Ground water,24113,MANSFIELD,GW,N,MANSFIELD
MA4169000,8,0.000562015672021085,0.0005,0.000822481494509639,Community water system,Ground water,6325,MARION,GW,N,MARION
MA4171000,43,0.000996125376168676,0.000996125376168676,0.000996125376168676,Community water system,Ground water,34000,MARSHFIELD,GW,N,MARSHFIELD
MA4172033,2,0.0005,0.0005,0.0005,Community water system,Ground water,222,BARNSTABLE,GW,N,BARNSTABLE
MA4172035,2,0.0005,0.0005,0.0005,Community water system,Ground water,104,MASHPEE,GW,N,MASHPEE
MA4172039,22,0.000767375114585333,0.0005,0.00114962516936711,Community water system,Ground water,35736,MASHPEE,GW,N,MASHPEE
MA4173000,4,0.000996125376168676,0.000996125376168676,0.000996125376168676,Community water system,Ground water,7374,MATTAPOISETT,GW,N,MATTAPOISETT
MA4173001,6,0.000996125376168676,0.000996125376168676,0.000996125376168676,Community water system,Ground water purchased,29600,MATTAPOISETT,GW,N,MATTAPOISETT
MA4182000,16,0.000996125376168676,0.000996125376168676,0.000996125376168676,Community water system,Ground water,16839,MIDDLEBOROUGH,GW,N,MIDDLEBOROUGH
MA4182015,4,0.0005,0.0005,0.0005,Community water system,Ground water,90,MIDDLEBOROUGH,GW,N,MIDDLEBOROUGH
MA4197000,14,0.00127746439319105,0.0005,0.00207,Community water system,Ground water,27703,NANTUCKET,GW,N,NANTUCKET
MA4197001,10,0.000778837612850603,0.0005,0.001165,Community water system,Ground water,3000,NANTUCKET,GW,N,NANTUCKET
MA4201000,14,0.00099667421561786,0.0000325,0.00125335931252751,Community water system,Surface water,95072,NEW BEDFORD,SW,N,NEW BEDFORD
MA4211000,23,0.00141988604947198,0.0005,0.00441,Community water system,Ground water,28712,NORTH ATTLEBOROUGH,GW,N,NORTH ATTLEBOROUGH
MA4211001,4,0.000996125376168676,0.000996125376168676,0.000996125376168676,Community water system,Ground water,434,ATTLEBORO,GW,N,ATTLEBORO
MA4218000,20,0.000996125376168676,0.000996125376168676,0.000996125376168676,Community water system,Ground water,19031,NORTON,GW,N,NORTON
MA4219000,10,0.000996125376168676,0.000996125376168676,0.000996125376168676,Community water system,Ground water,11493,NORWELL,GW,N,NORWELL
MA4220000,108,0.000421574074074074,0.0001,0.0005,Community water system,Surface water purchased,28284,NORWOOD,SW,N,NORWOOD
MA4221000,15,0.00049281671682249,0.0001,0.000997287763318073,Community water system,Ground water,23000,OAK BLUFFS,GW,N,OAK BLUFFS
MA4224000,36,0.000544640863892379,0.0005,0.000700883887515708,Community water system,Ground water,17670,ORLEANS,GW,N,ORLEANS
MA4231000,22,0.00098150496769384,0.000843342107606643,0.000996125376168676,Community water system,Ground water,19293,PEMBROKE,GW,N,PEMBROKE
MA4238000,8,0.000996125376168676,0.000996125376168676,0.000996125376168676,Community water system,Groundwater under influence of surface water,9230,PLAINVILLE,SW,N,PLAINVILLE
MA4239000,44,0.0005,0.0005,0.0005,Community water system,Ground water,43488,PLYMOUTH,GW,N,PLYMOUTH
MA4239010,7,0.000925250322430293,0.000648837612850603,0.000996125376168676,Community water system,Ground water,210,MILFORD,GW,N,MILFORD
MA4239045,7,0.000791750107476764,0.000185,0.0016988376128506,Community water system,Ground water,2597,PLAINVILLE,GW,N,PLAINVILLE
MA4239049,6,0.000582687562694779,0.0005,0.000872094032126507,Community water system,Ground water,25,PLYMOUTH,GW,N,PLYMOUTH
MA4239051,2,0.000748062688084338,0.000524806268808434,0.000971319107360242,Community water system,Ground water,140,PLYMOUTH,GW,N,PLYMOUTH
MA4239055,1,0.0005,0.0005,0.0005,Community water system,Ground water,7048,PLYMOUTH,GW,N,PLYMOUTH
MA4239060,3,0.000916494896232063,0.000549612537616868,0.00122763591889163,Community water system,Ground water,1535,WAREHAM,GW,N,WAREHAM
MA4240008,6,0.000665375125389559,0.0005,0.000996125376168676,Community water system,Ground water,40,HALIFAX,GW,N,HALIFAX
MA4242000,6,0.0005,0.0005,0.0005,Community water system,Ground water,22250,PROVINCETOWN,GW,N,PROVINCETOWN
MA4244000,15,0.000963050351090764,0.000847287763318073,0.000996125376168676,Community water system,Surface water purchased,34362,RANDOLPH,SW,N,RANDOLPH
MA4245000,13,0.000983754261305353,0.000931795578879399,0.000996125376168676,Community water system,Ground water,10378,RAYNHAM,GW,N,RAYNHAM
MA4245002,7,0.000996125376168676,0.000996125376168676,0.000996125376168676,Community water system,Ground water,3967,RAYNHAM,GW,N,RAYNHAM
MA4247055,5,0.0007,0.0005,0.0013,Community water system,Ground water,64,REHOBOTH,GW,N,REHOBOTH
MA4247061,1,0.0005,0.0005,0.0005,Community water system,Ground water,100,REHOBOTH,GW,N,REHOBOTH
MA4261000,70,0.00101296448997225,0.0005,0.00114962516936711,Community water system,Ground water,23000,SANDWICH,GW,N,SANDWICH
MA4261024,3,0.0005,0.0005,0.0005,Community water system,Ground water,56250,MASHPEE,GW,N,MASHPEE
MA4264000,31,0.000756064710280607,0.0005,0.000996125376168676,Community water system,Surface water,19760,SCITUATE,SW,N,SCITUATE
MA4265000,4,0.00100167965626376,0.000575,0.00125335931252751,Community water system,Ground water,12975,SEEKONK,GW,N,SEEKONK
MA4266000,15,0.000996125376168676,0.000996125376168676,0.000996125376168676,Community water system,Ground water,16528,SHARON,GW,N,SHARON
MA4273000,14,0.000968321467571539,0.0003425,0.00128285109140406,Community water system,Surface water,18165,SOMERSET,SW,N,SOMERSET
MA4285000,30,0.000884104480140563,0.00025,0.000996125376168676,Community water system,Surface water purchased,28915,STOUGHTON,SW,N,STOUGHTON
MA4285003,5,0.000996125376168676,0.000996125376168676,0.000996125376168676,Community water system,Ground water,75,CANTON,GW,N,CANTON
MA4285007,12,0.000665375125389559,0.0005,0.000996125376168676,Community water system,Ground water,64,FRANKLIN,GW,N,FRANKLIN
MA4292000,42,0.000996125376168676,0.000996125376168676,0.000996125376168676,Community water system,Surface water,16132,SWANSEA,SW,N,SWANSEA
MA4293000,16,0.000905984704147591,0.0003875,0.000996125376168676,Community water system,Surface water,58088,TAUNTON,SW,N,TAUNTON
MA4296000,11,0.000427272727272727,0.0001,0.0005,Community water system,Ground water,6082,TISBURY,GW,N,TISBURY
MA4300040,4,0.00187306268808434,0.000574418806425301,0.0043994188064253,Community water system,Ground water,80,NORTH TRURO,GW,N,NORTH TRURO
MA4307000,10,0.0005,0.0005,0.0005,Community water system,Ground water,23997,WALPOLE,GW,N,WALPOLE
MA4310000,9,0.000996125376168676,0.000996125376168676,0.000996125376168676,Community water system,Ground water,21020,WAREHAM,GW,N,WAREHAM
MA4310003,11,0.00101007990282308,0.000996125376168676,0.00107287527276789,Community water system,Ground water,5048,ONSET,GW,N,ONSET
MA4318040,3,0.0005,0.0005,0.0005,Community water system,Ground water,200,WELLFLEET,GW,N,WELLFLEET
MA4318056,7,0.0005,0.0005,0.0005,Community water system,Ground water,120,SOUTH WELLFLEET,GW,N,SOUTH WELLFLEET
MA4318091,3,0.0004,0.00023,0.0005,Community water system,Ground water,200,SOUTH YARMOUTH,GW,N,SOUTH YARMOUTH
MA4318094,7,0.000783500214953529,0.0005,0.000996125376168676,Community water system,Ground water,750,WELLFLEET,GW,N,WELLFLEET
MA4318107,2,0.000748062688084338,0.000524806268808434,0.000971319107360242,Community water system,Ground water,48,EASTHAM,GW,N,EASTHAM
MA4322000,10,0.000980042926846356,0.00090767190489592,0.000996125376168676,Community water system,Ground water,7538,WEST BRIDGEWATER,GW,N,WEST BRIDGEWATER
MA4334078,5,0.0005,0.0005,0.0005,Community water system,Ground water,35,FALL RIVER,GW,N,FALL RIVER
MA4334088,6,0.000582687562694779,0.0005,0.000872094032126507,Community water system,Ground water,150,FALL RIVER,GW,N,FALL RIVER
MA4334092,1,0.0005,0.0005,0.0005,Community water system,Ground water,180,BOSTON,GW,N,BOSTON
MA4336000,21,0.000914924908901977,0.00005,0.00125335931252751,Community water system,Surface water,55544,WEYMOUTH,SW,N,WEYMOUTH
MA4338002,6,0.000996125376168676,0.000996125376168676,0.000996125376168676,Community water system,Ground water,140,ABINGTON,GW,N,ABINGTON
MA4350000,10,0.00069845015046747,0.0005,0.000996125376168676,Community water system,Ground water,12014,WRENTHAM,GW,N,WRENTHAM
MA4350001,6,0.000996125376168676,0.000996125376168676,0.000996125376168676,Community water system,Ground water,1273,WRENTHAM,GW,N,WRENTHAM
MA4350003,3,0.000830750250779117,0.000549612537616868,0.000996125376168676,Community water system,Ground water,60,WRENTHAM,GW,N,WRENTHAM
MA4351000,49,0.0005,0.0005,0.0005,Community water system,Ground water,39627,WEST YARMOUTH,GW,N,WEST YARMOUTH
